,MSE,R2
Linear Regression,24.2911194749737,0.6687594935356296
Decision Tree,8.553906584646844,0.8833565347917995
Random Forest,7.4225563697558625,0.8987839430903407
